Urgent! A- blood required at City Hospital for surgery. Contact: +8801234567890!,1
Emergency blood request: O+ needed at Green Life Hospital. Contact number: +8801711223344,1
Immediate requirement: AB- blood for trauma patient at Enam Medical College. Contact: +8805556667778!,1
Help needed: B+ blood for a patient in ICU at Dhaka Medical. Please reach out: +880987654321!,1
Emergency blood request: O+ needed at Green Life Hospital. Contact number: +8801711223344.,1
Blood needed: 2 bags of O+ required urgently at Suhrawardy Hospital. Please respond quickly: +8801112233445!,1
A- blood urgently needed at the Cancer Institute for an operation. Contact if available: +8809988776655.,1
Help needed: B+ blood for a patient in ICU at Dhaka Medical. Please reach out: +880987654321.,1
Urgent! A- blood required at City Hospital for surgery. Contact: +8801234567890.,1
A- blood urgently needed at the Cancer Institute for an operation. Contact if available: +8809988776655!,1
Looking for AB+ blood donors. Child patient in emergency care at Apollo Hospital. Contact: +880156789234,1
Blood needed: 2 bags of O+ required urgently at Suhrawardy Hospital. Please respond quickly: +8801112233445!,1
Help needed: B+ blood for a patient in ICU at Dhaka Medical. Please reach out: +880987654321,1
Critical condition! Patient requires 3 units of B+ blood at Square Hospital. Please help: +8801223344556,1
Emergency blood request: O+ needed at Green Life Hospital. Contact number: +8801711223344!,1
Urgent! A- blood required at City Hospital for surgery. Contact: +8801234567890!,1
"Patient in critical condition requires O- blood. Location: Crescent Hospital, Dhaka. Contact immediately: +8801923456789!",1
Critical condition! Patient requires 3 units of B+ blood at Square Hospital. Please help: +8801223344556!,1
Urgent! A- blood required at City Hospital for surgery. Contact: +8801234567890,1
Emergency blood request: O+ needed at Green Life Hospital. Contact number: +8801711223344.,1
Emergency blood request: O+ needed at Green Life Hospital. Contact number: +8801711223344!,1
Critical condition! Patient requires 3 units of B+ blood at Square Hospital. Please help: +8801223344556.,1
"Patient in critical condition requires O- blood. Location: Crescent Hospital, Dhaka. Contact immediately: +8801923456789!",1
"Patient in critical condition requires O- blood. Location: Crescent Hospital, Dhaka. Contact immediately: +8801923456789!",1
Critical condition! Patient requires 3 units of B+ blood at Square Hospital. Please help: +8801223344556!,1
Critical condition! Patient requires 3 units of B+ blood at Square Hospital. Please help: +8801223344556.,1
Help save a life: Blood group A+ required for a patient at Delta Hospital. Reach out: +8801999887766!,1
Emergency blood request: O+ needed at Green Life Hospital. Contact number: +8801711223344.,1
Looking for AB+ blood donors. Child patient in emergency care at Apollo Hospital. Contact: +880156789234,1
"Patient in critical condition requires O- blood. Location: Crescent Hospital, Dhaka. Contact immediately: +8801923456789",1
Looking for AB+ blood donors. Child patient in emergency care at Apollo Hospital. Contact: +880156789234.,1
Blood needed: 2 bags of O+ required urgently at Suhrawardy Hospital. Please respond quickly: +8801112233445!,1
Immediate requirement: AB- blood for trauma patient at Enam Medical College. Contact: +8805556667778,1
Help needed: B+ blood for a patient in ICU at Dhaka Medical. Please reach out: +880987654321.,1
Blood needed: 2 bags of O+ required urgently at Suhrawardy Hospital. Please respond quickly: +8801112233445,1
"Patient in critical condition requires O- blood. Location: Crescent Hospital, Dhaka. Contact immediately: +8801923456789.",1
Immediate requirement: AB- blood for trauma patient at Enam Medical College. Contact: +8805556667778!,1
Blood needed: 2 bags of O+ required urgently at Suhrawardy Hospital. Please respond quickly: +8801112233445!,1
Looking for AB+ blood donors. Child patient in emergency care at Apollo Hospital. Contact: +880156789234.,1
Looking for AB+ blood donors. Child patient in emergency care at Apollo Hospital. Contact: +880156789234,1
Critical condition! Patient requires 3 units of B+ blood at Square Hospital. Please help: +8801223344556!,1
"Patient in critical condition requires O- blood. Location: Crescent Hospital, Dhaka. Contact immediately: +8801923456789",1
Urgent! A- blood required at City Hospital for surgery. Contact: +8801234567890!,1
Emergency blood request: O+ needed at Green Life Hospital. Contact number: +8801711223344!,1
Emergency blood request: O+ needed at Green Life Hospital. Contact number: +8801711223344,1
Help save a life: Blood group A+ required for a patient at Delta Hospital. Reach out: +8801999887766.,1
Critical condition! Patient requires 3 units of B+ blood at Square Hospital. Please help: +8801223344556,1
Emergency blood request: O+ needed at Green Life Hospital. Contact number: +8801711223344.,1
Looking for AB+ blood donors. Child patient in emergency care at Apollo Hospital. Contact: +880156789234!,1
Help save a life: Blood group A+ required for a patient at Delta Hospital. Reach out: +8801999887766!,1
"Patient in critical condition requires O- blood. Location: Crescent Hospital, Dhaka. Contact immediately: +8801923456789!",1
"Patient in critical condition requires O- blood. Location: Crescent Hospital, Dhaka. Contact immediately: +8801923456789",1
Blood needed: 2 bags of O+ required urgently at Suhrawardy Hospital. Please respond quickly: +8801112233445.,1
"Patient in critical condition requires O- blood. Location: Crescent Hospital, Dhaka. Contact immediately: +8801923456789!",1
Blood needed: 2 bags of O+ required urgently at Suhrawardy Hospital. Please respond quickly: +8801112233445,1
Urgent! A- blood required at City Hospital for surgery. Contact: +8801234567890.,1
A- blood urgently needed at the Cancer Institute for an operation. Contact if available: +8809988776655,1
Help save a life: Blood group A+ required for a patient at Delta Hospital. Reach out: +8801999887766.,1
Critical condition! Patient requires 3 units of B+ blood at Square Hospital. Please help: +8801223344556!,1
Help save a life: Blood group A+ required for a patient at Delta Hospital. Reach out: +8801999887766,1
Help save a life: Blood group A+ required for a patient at Delta Hospital. Reach out: +8801999887766!,1
Help needed: B+ blood for a patient in ICU at Dhaka Medical. Please reach out: +880987654321!,1
Emergency blood request: O+ needed at Green Life Hospital. Contact number: +8801711223344!,1
Immediate requirement: AB- blood for trauma patient at Enam Medical College. Contact: +8805556667778,1
Help needed: B+ blood for a patient in ICU at Dhaka Medical. Please reach out: +880987654321!,1
"Patient in critical condition requires O- blood. Location: Crescent Hospital, Dhaka. Contact immediately: +8801923456789.",1
A- blood urgently needed at the Cancer Institute for an operation. Contact if available: +8809988776655.,1
A- blood urgently needed at the Cancer Institute for an operation. Contact if available: +8809988776655,1
Looking for AB+ blood donors. Child patient in emergency care at Apollo Hospital. Contact: +880156789234,1
A- blood urgently needed at the Cancer Institute for an operation. Contact if available: +8809988776655,1
Help needed: B+ blood for a patient in ICU at Dhaka Medical. Please reach out: +880987654321,1
Critical condition! Patient requires 3 units of B+ blood at Square Hospital. Please help: +8801223344556,1
Help needed: B+ blood for a patient in ICU at Dhaka Medical. Please reach out: +880987654321!,1
Looking for AB+ blood donors. Child patient in emergency care at Apollo Hospital. Contact: +880156789234.,1
A- blood urgently needed at the Cancer Institute for an operation. Contact if available: +8809988776655!,1
A- blood urgently needed at the Cancer Institute for an operation. Contact if available: +8809988776655!,1
Immediate requirement: AB- blood for trauma patient at Enam Medical College. Contact: +8805556667778!,1
"Patient in critical condition requires O- blood. Location: Crescent Hospital, Dhaka. Contact immediately: +8801923456789.",1
A- blood urgently needed at the Cancer Institute for an operation. Contact if available: +8809988776655!,1
Critical condition! Patient requires 3 units of B+ blood at Square Hospital. Please help: +8801223344556.,1
"Patient in critical condition requires O- blood. Location: Crescent Hospital, Dhaka. Contact immediately: +8801923456789.",1
Looking for AB+ blood donors. Child patient in emergency care at Apollo Hospital. Contact: +880156789234,1
Looking for AB+ blood donors. Child patient in emergency care at Apollo Hospital. Contact: +880156789234.,1
"Patient in critical condition requires O- blood. Location: Crescent Hospital, Dhaka. Contact immediately: +8801923456789.",1
"Patient in critical condition requires O- blood. Location: Crescent Hospital, Dhaka. Contact immediately: +8801923456789",1
Blood needed: 2 bags of O+ required urgently at Suhrawardy Hospital. Please respond quickly: +8801112233445,1
Critical condition! Patient requires 3 units of B+ blood at Square Hospital. Please help: +8801223344556.,1
Urgent! A- blood required at City Hospital for surgery. Contact: +8801234567890.,1
Blood needed: 2 bags of O+ required urgently at Suhrawardy Hospital. Please respond quickly: +8801112233445!,1
Help save a life: Blood group A+ required for a patient at Delta Hospital. Reach out: +8801999887766.,1
A- blood urgently needed at the Cancer Institute for an operation. Contact if available: +8809988776655!,1
Help needed: B+ blood for a patient in ICU at Dhaka Medical. Please reach out: +880987654321.,1
Help needed: B+ blood for a patient in ICU at Dhaka Medical. Please reach out: +880987654321!,1
Blood needed: 2 bags of O+ required urgently at Suhrawardy Hospital. Please respond quickly: +8801112233445!,1
Blood needed: 2 bags of O+ required urgently at Suhrawardy Hospital. Please respond quickly: +8801112233445!,1
Help needed: B+ blood for a patient in ICU at Dhaka Medical. Please reach out: +880987654321!,1
Help save a life: Blood group A+ required for a patient at Delta Hospital. Reach out: +8801999887766,1
Help save a life: Blood group A+ required for a patient at Delta Hospital. Reach out: +8801999887766.,1
Help needed: B+ blood for a patient in ICU at Dhaka Medical. Please reach out: +880987654321,1
Emergency blood request: O+ needed at Green Life Hospital. Contact number: +8801711223344!,1
Urgent! A- blood required at City Hospital for surgery. Contact: +8801234567890,1
Help save a life: Blood group A+ required for a patient at Delta Hospital. Reach out: +8801999887766,1
Urgent! A- blood required at City Hospital for surgery. Contact: +8801234567890.,1
Critical condition! Patient requires 3 units of B+ blood at Square Hospital. Please help: +8801223344556!,1
A- blood urgently needed at the Cancer Institute for an operation. Contact if available: +8809988776655,1
Urgent! A- blood required at City Hospital for surgery. Contact: +8801234567890.,1
"Patient in critical condition requires O- blood. Location: Crescent Hospital, Dhaka. Contact immediately: +8801923456789",1
Emergency blood request: O+ needed at Green Life Hospital. Contact number: +8801711223344.,1
"Patient in critical condition requires O- blood. Location: Crescent Hospital, Dhaka. Contact immediately: +8801923456789!",1
Critical condition! Patient requires 3 units of B+ blood at Square Hospital. Please help: +8801223344556,1
A- blood urgently needed at the Cancer Institute for an operation. Contact if available: +8809988776655,1
Immediate requirement: AB- blood for trauma patient at Enam Medical College. Contact: +8805556667778.,1
Critical condition! Patient requires 3 units of B+ blood at Square Hospital. Please help: +8801223344556.,1
Help needed: B+ blood for a patient in ICU at Dhaka Medical. Please reach out: +880987654321!,1
Immediate requirement: AB- blood for trauma patient at Enam Medical College. Contact: +8805556667778!,1
Looking for AB+ blood donors. Child patient in emergency care at Apollo Hospital. Contact: +880156789234.,1
A- blood urgently needed at the Cancer Institute for an operation. Contact if available: +8809988776655.,1
Critical condition! Patient requires 3 units of B+ blood at Square Hospital. Please help: +8801223344556,1
"Patient in critical condition requires O- blood. Location: Crescent Hospital, Dhaka. Contact immediately: +8801923456789",1
Looking for AB+ blood donors. Child patient in emergency care at Apollo Hospital. Contact: +880156789234!,1
Critical condition! Patient requires 3 units of B+ blood at Square Hospital. Please help: +8801223344556.,1
A- blood urgently needed at the Cancer Institute for an operation. Contact if available: +8809988776655,1
Urgent! A- blood required at City Hospital for surgery. Contact: +8801234567890.,1
Looking for AB+ blood donors. Child patient in emergency care at Apollo Hospital. Contact: +880156789234!,1
"Patient in critical condition requires O- blood. Location: Crescent Hospital, Dhaka. Contact immediately: +8801923456789.",1
Blood needed: 2 bags of O+ required urgently at Suhrawardy Hospital. Please respond quickly: +8801112233445.,1
"Patient in critical condition requires O- blood. Location: Crescent Hospital, Dhaka. Contact immediately: +8801923456789!",1
Urgent! A- blood required at City Hospital for surgery. Contact: +8801234567890!,1
Critical condition! Patient requires 3 units of B+ blood at Square Hospital. Please help: +8801223344556,1
A- blood urgently needed at the Cancer Institute for an operation. Contact if available: +8809988776655,1
Looking for AB+ blood donors. Child patient in emergency care at Apollo Hospital. Contact: +880156789234.,1
Looking for AB+ blood donors. Child patient in emergency care at Apollo Hospital. Contact: +880156789234,1
"Patient in critical condition requires O- blood. Location: Crescent Hospital, Dhaka. Contact immediately: +8801923456789.",1
Immediate requirement: AB- blood for trauma patient at Enam Medical College. Contact: +8805556667778,1
Urgent! A- blood required at City Hospital for surgery. Contact: +8801234567890.,1
Blood needed: 2 bags of O+ required urgently at Suhrawardy Hospital. Please respond quickly: +8801112233445,1
"Patient in critical condition requires O- blood. Location: Crescent Hospital, Dhaka. Contact immediately: +8801923456789!",1
Blood needed: 2 bags of O+ required urgently at Suhrawardy Hospital. Please respond quickly: +8801112233445!,1
Help needed: B+ blood for a patient in ICU at Dhaka Medical. Please reach out: +880987654321.,1
Critical condition! Patient requires 3 units of B+ blood at Square Hospital. Please help: +8801223344556,1
Emergency blood request: O+ needed at Green Life Hospital. Contact number: +8801711223344,1
A- blood urgently needed at the Cancer Institute for an operation. Contact if available: +8809988776655.,1
Looking for AB+ blood donors. Child patient in emergency care at Apollo Hospital. Contact: +880156789234,1
Blood needed: 2 bags of O+ required urgently at Suhrawardy Hospital. Please respond quickly: +8801112233445!,1
Help save a life: Blood group A+ required for a patient at Delta Hospital. Reach out: +8801999887766!,1
Blood needed: 2 bags of O+ required urgently at Suhrawardy Hospital. Please respond quickly: +8801112233445.,1
Emergency blood request: O+ needed at Green Life Hospital. Contact number: +8801711223344!,1
Blood needed: 2 bags of O+ required urgently at Suhrawardy Hospital. Please respond quickly: +8801112233445!,1
Help needed: B+ blood for a patient in ICU at Dhaka Medical. Please reach out: +880987654321!,1
Immediate requirement: AB- blood for trauma patient at Enam Medical College. Contact: +8805556667778!,1
Help needed: B+ blood for a patient in ICU at Dhaka Medical. Please reach out: +880987654321!,1
A- blood urgently needed at the Cancer Institute for an operation. Contact if available: +8809988776655.,1
Immediate requirement: AB- blood for trauma patient at Enam Medical College. Contact: +8805556667778,1
Help save a life: Blood group A+ required for a patient at Delta Hospital. Reach out: +8801999887766!,1
Critical condition! Patient requires 3 units of B+ blood at Square Hospital. Please help: +8801223344556.,1
Blood needed: 2 bags of O+ required urgently at Suhrawardy Hospital. Please respond quickly: +8801112233445,1
Help save a life: Blood group A+ required for a patient at Delta Hospital. Reach out: +8801999887766.,1
Help needed: B+ blood for a patient in ICU at Dhaka Medical. Please reach out: +880987654321!,1
Urgent! A- blood required at City Hospital for surgery. Contact: +8801234567890!,1
Emergency blood request: O+ needed at Green Life Hospital. Contact number: +8801711223344.,1
Help save a life: Blood group A+ required for a patient at Delta Hospital. Reach out: +8801999887766.,1
Help save a life: Blood group A+ required for a patient at Delta Hospital. Reach out: +8801999887766!,1
"Patient in critical condition requires O- blood. Location: Crescent Hospital, Dhaka. Contact immediately: +8801923456789!",1
A- blood urgently needed at the Cancer Institute for an operation. Contact if available: +8809988776655.,1
Urgent! A- blood required at City Hospital for surgery. Contact: +8801234567890,1
Immediate requirement: AB- blood for trauma patient at Enam Medical College. Contact: +8805556667778.,1
Help needed: B+ blood for a patient in ICU at Dhaka Medical. Please reach out: +880987654321,1
Urgent! A- blood required at City Hospital for surgery. Contact: +8801234567890.,1
Critical condition! Patient requires 3 units of B+ blood at Square Hospital. Please help: +8801223344556,1
Help needed: B+ blood for a patient in ICU at Dhaka Medical. Please reach out: +880987654321,1
Emergency blood request: O+ needed at Green Life Hospital. Contact number: +8801711223344!,1
Help save a life: Blood group A+ required for a patient at Delta Hospital. Reach out: +8801999887766,1
Urgent! A- blood required at City Hospital for surgery. Contact: +8801234567890.,1
"Patient in critical condition requires O- blood. Location: Crescent Hospital, Dhaka. Contact immediately: +8801923456789",1
A- blood urgently needed at the Cancer Institute for an operation. Contact if available: +8809988776655!,1
Help needed: B+ blood for a patient in ICU at Dhaka Medical. Please reach out: +880987654321,1
"Patient in critical condition requires O- blood. Location: Crescent Hospital, Dhaka. Contact immediately: +8801923456789.",1
Emergency blood request: O+ needed at Green Life Hospital. Contact number: +8801711223344!,1
"Patient in critical condition requires O- blood. Location: Crescent Hospital, Dhaka. Contact immediately: +8801923456789.",1
Blood needed: 2 bags of O+ required urgently at Suhrawardy Hospital. Please respond quickly: +8801112233445,1
Help needed: B+ blood for a patient in ICU at Dhaka Medical. Please reach out: +880987654321.,1
Emergency blood request: O+ needed at Green Life Hospital. Contact number: +8801711223344.,1
Critical condition! Patient requires 3 units of B+ blood at Square Hospital. Please help: +8801223344556,1
Emergency blood request: O+ needed at Green Life Hospital. Contact number: +8801711223344!,1
Emergency blood request: O+ needed at Green Life Hospital. Contact number: +8801711223344.,1
Emergency blood request: O+ needed at Green Life Hospital. Contact number: +8801711223344,1
Help save a life: Blood group A+ required for a patient at Delta Hospital. Reach out: +8801999887766.,1
Help save a life: Blood group A+ required for a patient at Delta Hospital. Reach out: +8801999887766,1
"Patient in critical condition requires O- blood. Location: Crescent Hospital, Dhaka. Contact immediately: +8801923456789!",1
Looking for AB+ blood donors. Child patient in emergency care at Apollo Hospital. Contact: +880156789234!,1
Critical condition! Patient requires 3 units of B+ blood at Square Hospital. Please help: +8801223344556.,1
"Patient in critical condition requires O- blood. Location: Crescent Hospital, Dhaka. Contact immediately: +8801923456789.",1
Emergency blood request: O+ needed at Green Life Hospital. Contact number: +8801711223344!,1
Help save a life: Blood group A+ required for a patient at Delta Hospital. Reach out: +8801999887766.,1
Urgent! A- blood required at City Hospital for surgery. Contact: +8801234567890.,1
A- blood urgently needed at the Cancer Institute for an operation. Contact if available: +8809988776655.,1
A- blood urgently needed at the Cancer Institute for an operation. Contact if available: +8809988776655!,1
Critical condition! Patient requires 3 units of B+ blood at Square Hospital. Please help: +8801223344556!,1
"Patient in critical condition requires O- blood. Location: Crescent Hospital, Dhaka. Contact immediately: +8801923456789.",1
Looking for AB+ blood donors. Child patient in emergency care at Apollo Hospital. Contact: +880156789234.,1
Emergency blood request: O+ needed at Green Life Hospital. Contact number: +8801711223344.,1
"Patient in critical condition requires O- blood. Location: Crescent Hospital, Dhaka. Contact immediately: +8801923456789",1
Critical condition! Patient requires 3 units of B+ blood at Square Hospital. Please help: +8801223344556,1
Immediate requirement: AB- blood for trauma patient at Enam Medical College. Contact: +8805556667778,1
Urgent! A- blood required at City Hospital for surgery. Contact: +8801234567890.,1
Immediate requirement: AB- blood for trauma patient at Enam Medical College. Contact: +8805556667778.,1
A- blood urgently needed at the Cancer Institute for an operation. Contact if available: +8809988776655,1
Help save a life: Blood group A+ required for a patient at Delta Hospital. Reach out: +8801999887766,1
A- blood urgently needed at the Cancer Institute for an operation. Contact if available: +8809988776655,1
Urgent! A- blood required at City Hospital for surgery. Contact: +8801234567890.,1
Emergency blood request: O+ needed at Green Life Hospital. Contact number: +8801711223344.,1
Critical condition! Patient requires 3 units of B+ blood at Square Hospital. Please help: +8801223344556,1
Critical condition! Patient requires 3 units of B+ blood at Square Hospital. Please help: +8801223344556,1
Critical condition! Patient requires 3 units of B+ blood at Square Hospital. Please help: +8801223344556!,1
Urgent! A- blood required at City Hospital for surgery. Contact: +8801234567890!,1
"Patient in critical condition requires O- blood. Location: Crescent Hospital, Dhaka. Contact immediately: +8801923456789!",1
Help save a life: Blood group A+ required for a patient at Delta Hospital. Reach out: +8801999887766.,1
Immediate requirement: AB- blood for trauma patient at Enam Medical College. Contact: +8805556667778.,1
Looking for AB+ blood donors. Child patient in emergency care at Apollo Hospital. Contact: +880156789234,1
Help save a life: Blood group A+ required for a patient at Delta Hospital. Reach out: +8801999887766,1
Emergency blood request: O+ needed at Green Life Hospital. Contact number: +8801711223344,1
Help needed: B+ blood for a patient in ICU at Dhaka Medical. Please reach out: +880987654321!,1
Looking for AB+ blood donors. Child patient in emergency care at Apollo Hospital. Contact: +880156789234!,1
Looking for AB+ blood donors. Child patient in emergency care at Apollo Hospital. Contact: +880156789234!,1
Emergency blood request: O+ needed at Green Life Hospital. Contact number: +8801711223344.,1
Looking for AB+ blood donors. Child patient in emergency care at Apollo Hospital. Contact: +880156789234.,1
"Patient in critical condition requires O- blood. Location: Crescent Hospital, Dhaka. Contact immediately: +8801923456789!",1
Help needed: B+ blood for a patient in ICU at Dhaka Medical. Please reach out: +880987654321!,1
Looking for AB+ blood donors. Child patient in emergency care at Apollo Hospital. Contact: +880156789234,1
Help needed: B+ blood for a patient in ICU at Dhaka Medical. Please reach out: +880987654321,1
Urgent! A- blood required at City Hospital for surgery. Contact: +8801234567890,1
A- blood urgently needed at the Cancer Institute for an operation. Contact if available: +8809988776655,1
Immediate requirement: AB- blood for trauma patient at Enam Medical College. Contact: +8805556667778.,1
Urgent! A- blood required at City Hospital for surgery. Contact: +8801234567890!,1
Immediate requirement: AB- blood for trauma patient at Enam Medical College. Contact: +8805556667778,1
Emergency blood request: O+ needed at Green Life Hospital. Contact number: +8801711223344!,1
Immediate requirement: AB- blood for trauma patient at Enam Medical College. Contact: +8805556667778,1
Emergency blood request: O+ needed at Green Life Hospital. Contact number: +8801711223344.,1
Help save a life: Blood group A+ required for a patient at Delta Hospital. Reach out: +8801999887766.,1
Looking for AB+ blood donors. Child patient in emergency care at Apollo Hospital. Contact: +880156789234.,1
Immediate requirement: AB- blood for trauma patient at Enam Medical College. Contact: +8805556667778!,1
"Patient in critical condition requires O- blood. Location: Crescent Hospital, Dhaka. Contact immediately: +8801923456789!",1
Help needed: B+ blood for a patient in ICU at Dhaka Medical. Please reach out: +880987654321!,1
Immediate requirement: AB- blood for trauma patient at Enam Medical College. Contact: +8805556667778,1
Blood needed: 2 bags of O+ required urgently at Suhrawardy Hospital. Please respond quickly: +8801112233445,1
Help save a life: Blood group A+ required for a patient at Delta Hospital. Reach out: +8801999887766!,1
Critical condition! Patient requires 3 units of B+ blood at Square Hospital. Please help: +8801223344556.,1
A- blood urgently needed at the Cancer Institute for an operation. Contact if available: +8809988776655,1
"Patient in critical condition requires O- blood. Location: Crescent Hospital, Dhaka. Contact immediately: +8801923456789",1
Help save a life: Blood group A+ required for a patient at Delta Hospital. Reach out: +8801999887766,1
Emergency blood request: O+ needed at Green Life Hospital. Contact number: +8801711223344.,1
Help needed: B+ blood for a patient in ICU at Dhaka Medical. Please reach out: +880987654321,1
Immediate requirement: AB- blood for trauma patient at Enam Medical College. Contact: +8805556667778.,1
Looking for AB+ blood donors. Child patient in emergency care at Apollo Hospital. Contact: +880156789234!,1
Immediate requirement: AB- blood for trauma patient at Enam Medical College. Contact: +8805556667778,1
Urgent! A- blood required at City Hospital for surgery. Contact: +8801234567890!,1
"Patient in critical condition requires O- blood. Location: Crescent Hospital, Dhaka. Contact immediately: +8801923456789",1
Help save a life: Blood group A+ required for a patient at Delta Hospital. Reach out: +8801999887766,1
Help needed: B+ blood for a patient in ICU at Dhaka Medical. Please reach out: +880987654321,1
A- blood urgently needed at the Cancer Institute for an operation. Contact if available: +8809988776655.,1
Help needed: B+ blood for a patient in ICU at Dhaka Medical. Please reach out: +880987654321!,1
Immediate requirement: AB- blood for trauma patient at Enam Medical College. Contact: +8805556667778!,1
Blood needed: 2 bags of O+ required urgently at Suhrawardy Hospital. Please respond quickly: +8801112233445,1
"Patient in critical condition requires O- blood. Location: Crescent Hospital, Dhaka. Contact immediately: +8801923456789.",1
Help needed: B+ blood for a patient in ICU at Dhaka Medical. Please reach out: +880987654321!,1
Blood needed: 2 bags of O+ required urgently at Suhrawardy Hospital. Please respond quickly: +8801112233445!,1
Emergency blood request: O+ needed at Green Life Hospital. Contact number: +8801711223344,1
Emergency blood request: O+ needed at Green Life Hospital. Contact number: +8801711223344,1
A- blood urgently needed at the Cancer Institute for an operation. Contact if available: +8809988776655.,1
Blood needed: 2 bags of O+ required urgently at Suhrawardy Hospital. Please respond quickly: +8801112233445!,1
Immediate requirement: AB- blood for trauma patient at Enam Medical College. Contact: +8805556667778,1
Help save a life: Blood group A+ required for a patient at Delta Hospital. Reach out: +8801999887766.,1
Blood needed: 2 bags of O+ required urgently at Suhrawardy Hospital. Please respond quickly: +8801112233445!,1
"Patient in critical condition requires O- blood. Location: Crescent Hospital, Dhaka. Contact immediately: +8801923456789!",1
Blood needed: 2 bags of O+ required urgently at Suhrawardy Hospital. Please respond quickly: +8801112233445,1
Help needed: B+ blood for a patient in ICU at Dhaka Medical. Please reach out: +880987654321!,1
A- blood urgently needed at the Cancer Institute for an operation. Contact if available: +8809988776655,1
"Patient in critical condition requires O- blood. Location: Crescent Hospital, Dhaka. Contact immediately: +8801923456789!",1
Looking for AB+ blood donors. Child patient in emergency care at Apollo Hospital. Contact: +880156789234!,1
A- blood urgently needed at the Cancer Institute for an operation. Contact if available: +8809988776655,1
Emergency blood request: O+ needed at Green Life Hospital. Contact number: +8801711223344!,1
Help needed: B+ blood for a patient in ICU at Dhaka Medical. Please reach out: +880987654321!,1
A- blood urgently needed at the Cancer Institute for an operation. Contact if available: +8809988776655,1
Urgent! A- blood required at City Hospital for surgery. Contact: +8801234567890.,1
Help save a life: Blood group A+ required for a patient at Delta Hospital. Reach out: +8801999887766.,1
Help needed: B+ blood for a patient in ICU at Dhaka Medical. Please reach out: +880987654321!,1
Help needed: B+ blood for a patient in ICU at Dhaka Medical. Please reach out: +880987654321!,1
Help save a life: Blood group A+ required for a patient at Delta Hospital. Reach out: +8801999887766,1
Critical condition! Patient requires 3 units of B+ blood at Square Hospital. Please help: +8801223344556,1
Blood needed: 2 bags of O+ required urgently at Suhrawardy Hospital. Please respond quickly: +8801112233445.,1
Urgent! A- blood required at City Hospital for surgery. Contact: +8801234567890.,1
Immediate requirement: AB- blood for trauma patient at Enam Medical College. Contact: +8805556667778!,1
Looking for AB+ blood donors. Child patient in emergency care at Apollo Hospital. Contact: +880156789234.,1
A- blood urgently needed at the Cancer Institute for an operation. Contact if available: +8809988776655.,1
Urgent! A- blood required at City Hospital for surgery. Contact: +8801234567890!,1
Help needed: B+ blood for a patient in ICU at Dhaka Medical. Please reach out: +880987654321!,1
"Patient in critical condition requires O- blood. Location: Crescent Hospital, Dhaka. Contact immediately: +8801923456789!",1
Urgent! A- blood required at City Hospital for surgery. Contact: +8801234567890,1
Critical condition! Patient requires 3 units of B+ blood at Square Hospital. Please help: +8801223344556,1
Immediate requirement: AB- blood for trauma patient at Enam Medical College. Contact: +8805556667778.,1
A- blood urgently needed at the Cancer Institute for an operation. Contact if available: +8809988776655!,1
Immediate requirement: AB- blood for trauma patient at Enam Medical College. Contact: +8805556667778.,1
Help needed: B+ blood for a patient in ICU at Dhaka Medical. Please reach out: +880987654321.,1
Help save a life: Blood group A+ required for a patient at Delta Hospital. Reach out: +8801999887766!,1
Help save a life: Blood group A+ required for a patient at Delta Hospital. Reach out: +8801999887766,1
Help save a life: Blood group A+ required for a patient at Delta Hospital. Reach out: +8801999887766!,1
Emergency blood request: O+ needed at Green Life Hospital. Contact number: +8801711223344.,1
Emergency blood request: O+ needed at Green Life Hospital. Contact number: +8801711223344,1
Urgent! A- blood required at City Hospital for surgery. Contact: +8801234567890,1
Help save a life: Blood group A+ required for a patient at Delta Hospital. Reach out: +8801999887766,1
Immediate requirement: AB- blood for trauma patient at Enam Medical College. Contact: +8805556667778,1
Help needed: B+ blood for a patient in ICU at Dhaka Medical. Please reach out: +880987654321,1
Blood needed: 2 bags of O+ required urgently at Suhrawardy Hospital. Please respond quickly: +8801112233445,1
Critical condition! Patient requires 3 units of B+ blood at Square Hospital. Please help: +8801223344556,1
Blood needed: 2 bags of O+ required urgently at Suhrawardy Hospital. Please respond quickly: +8801112233445!,1
Critical condition! Patient requires 3 units of B+ blood at Square Hospital. Please help: +8801223344556.,1
Help needed: B+ blood for a patient in ICU at Dhaka Medical. Please reach out: +880987654321,1
Looking for AB+ blood donors. Child patient in emergency care at Apollo Hospital. Contact: +880156789234!,1
Immediate requirement: AB- blood for trauma patient at Enam Medical College. Contact: +8805556667778.,1
Help save a life: Blood group A+ required for a patient at Delta Hospital. Reach out: +8801999887766,1
Immediate requirement: AB- blood for trauma patient at Enam Medical College. Contact: +8805556667778!,1
Help save a life: Blood group A+ required for a patient at Delta Hospital. Reach out: +8801999887766.,1
"Patient in critical condition requires O- blood. Location: Crescent Hospital, Dhaka. Contact immediately: +8801923456789.",1
Help needed: B+ blood for a patient in ICU at Dhaka Medical. Please reach out: +880987654321!,1
A- blood urgently needed at the Cancer Institute for an operation. Contact if available: +8809988776655!,1
Help needed: B+ blood for a patient in ICU at Dhaka Medical. Please reach out: +880987654321.,1
Urgent! A- blood required at City Hospital for surgery. Contact: +8801234567890!,1
Help needed: B+ blood for a patient in ICU at Dhaka Medical. Please reach out: +880987654321.,1
Urgent! A- blood required at City Hospital for surgery. Contact: +8801234567890.,1
A- blood urgently needed at the Cancer Institute for an operation. Contact if available: +8809988776655.,1
A- blood urgently needed at the Cancer Institute for an operation. Contact if available: +8809988776655,1
Emergency blood request: O+ needed at Green Life Hospital. Contact number: +8801711223344,1
Urgent! A- blood required at City Hospital for surgery. Contact: +8801234567890!,1
"Patient in critical condition requires O- blood. Location: Crescent Hospital, Dhaka. Contact immediately: +8801923456789.",1
Blood needed: 2 bags of O+ required urgently at Suhrawardy Hospital. Please respond quickly: +8801112233445.,1
Emergency blood request: O+ needed at Green Life Hospital. Contact number: +8801711223344!,1
Help needed: B+ blood for a patient in ICU at Dhaka Medical. Please reach out: +880987654321!,1
"Patient in critical condition requires O- blood. Location: Crescent Hospital, Dhaka. Contact immediately: +8801923456789!",1
Help needed: B+ blood for a patient in ICU at Dhaka Medical. Please reach out: +880987654321,1
Help needed: B+ blood for a patient in ICU at Dhaka Medical. Please reach out: +880987654321,1
Immediate requirement: AB- blood for trauma patient at Enam Medical College. Contact: +8805556667778.,1
Critical condition! Patient requires 3 units of B+ blood at Square Hospital. Please help: +8801223344556.,1
"Patient in critical condition requires O- blood. Location: Crescent Hospital, Dhaka. Contact immediately: +8801923456789!",1
Blood needed: 2 bags of O+ required urgently at Suhrawardy Hospital. Please respond quickly: +8801112233445!,1
"Patient in critical condition requires O- blood. Location: Crescent Hospital, Dhaka. Contact immediately: +8801923456789.",1
Critical condition! Patient requires 3 units of B+ blood at Square Hospital. Please help: +8801223344556.,1
Immediate requirement: AB- blood for trauma patient at Enam Medical College. Contact: +8805556667778,1
Help save a life: Blood group A+ required for a patient at Delta Hospital. Reach out: +8801999887766!,1
Looking for AB+ blood donors. Child patient in emergency care at Apollo Hospital. Contact: +880156789234.,1
A- blood urgently needed at the Cancer Institute for an operation. Contact if available: +8809988776655!,1
Emergency blood request: O+ needed at Green Life Hospital. Contact number: +8801711223344.,1
Immediate requirement: AB- blood for trauma patient at Enam Medical College. Contact: +8805556667778.,1
Blood needed: 2 bags of O+ required urgently at Suhrawardy Hospital. Please respond quickly: +8801112233445,1
"Patient in critical condition requires O- blood. Location: Crescent Hospital, Dhaka. Contact immediately: +8801923456789.",1
Critical condition! Patient requires 3 units of B+ blood at Square Hospital. Please help: +8801223344556!,1
Urgent! A- blood required at City Hospital for surgery. Contact: +8801234567890,1
"Patient in critical condition requires O- blood. Location: Crescent Hospital, Dhaka. Contact immediately: +8801923456789.",1
Emergency blood request: O+ needed at Green Life Hospital. Contact number: +8801711223344!,1
Blood needed: 2 bags of O+ required urgently at Suhrawardy Hospital. Please respond quickly: +8801112233445,1
"Patient in critical condition requires O- blood. Location: Crescent Hospital, Dhaka. Contact immediately: +8801923456789!",1
"Patient in critical condition requires O- blood. Location: Crescent Hospital, Dhaka. Contact immediately: +8801923456789",1
Blood needed: 2 bags of O+ required urgently at Suhrawardy Hospital. Please respond quickly: +8801112233445.,1
Urgent! A- blood required at City Hospital for surgery. Contact: +8801234567890.,1
Looking for AB+ blood donors. Child patient in emergency care at Apollo Hospital. Contact: +880156789234,1
"Patient in critical condition requires O- blood. Location: Crescent Hospital, Dhaka. Contact immediately: +8801923456789",1
Immediate requirement: AB- blood for trauma patient at Enam Medical College. Contact: +8805556667778!,1
A- blood urgently needed at the Cancer Institute for an operation. Contact if available: +8809988776655!,1
A- blood urgently needed at the Cancer Institute for an operation. Contact if available: +8809988776655.,1
Looking for AB+ blood donors. Child patient in emergency care at Apollo Hospital. Contact: +880156789234,1
Urgent! A- blood required at City Hospital for surgery. Contact: +8801234567890!,1
Blood needed: 2 bags of O+ required urgently at Suhrawardy Hospital. Please respond quickly: +8801112233445.,1
Help save a life: Blood group A+ required for a patient at Delta Hospital. Reach out: +8801999887766,1
"Patient in critical condition requires O- blood. Location: Crescent Hospital, Dhaka. Contact immediately: +8801923456789",1
Emergency blood request: O+ needed at Green Life Hospital. Contact number: +8801711223344,1
Emergency blood request: O+ needed at Green Life Hospital. Contact number: +8801711223344.,1
A- blood urgently needed at the Cancer Institute for an operation. Contact if available: +8809988776655.,1
Urgent! A- blood required at City Hospital for surgery. Contact: +8801234567890,1
Blood needed: 2 bags of O+ required urgently at Suhrawardy Hospital. Please respond quickly: +8801112233445.,1
Help needed: B+ blood for a patient in ICU at Dhaka Medical. Please reach out: +880987654321!,1
Help save a life: Blood group A+ required for a patient at Delta Hospital. Reach out: +8801999887766,1
"Patient in critical condition requires O- blood. Location: Crescent Hospital, Dhaka. Contact immediately: +8801923456789!",1
"Patient in critical condition requires O- blood. Location: Crescent Hospital, Dhaka. Contact immediately: +8801923456789!",1
Help save a life: Blood group A+ required for a patient at Delta Hospital. Reach out: +8801999887766!,1
"Patient in critical condition requires O- blood. Location: Crescent Hospital, Dhaka. Contact immediately: +8801923456789.",1
Emergency blood request: O+ needed at Green Life Hospital. Contact number: +8801711223344!,1
"Patient in critical condition requires O- blood. Location: Crescent Hospital, Dhaka. Contact immediately: +8801923456789!",1
A- blood urgently needed at the Cancer Institute for an operation. Contact if available: +8809988776655.,1
Help needed: B+ blood for a patient in ICU at Dhaka Medical. Please reach out: +880987654321,1
Help needed: B+ blood for a patient in ICU at Dhaka Medical. Please reach out: +880987654321.,1
A- blood urgently needed at the Cancer Institute for an operation. Contact if available: +8809988776655,1
Urgent! A- blood required at City Hospital for surgery. Contact: +8801234567890,1
Looking for AB+ blood donors. Child patient in emergency care at Apollo Hospital. Contact: +880156789234.,1
Blood needed: 2 bags of O+ required urgently at Suhrawardy Hospital. Please respond quickly: +8801112233445!,1
A- blood urgently needed at the Cancer Institute for an operation. Contact if available: +8809988776655.,1
"Patient in critical condition requires O- blood. Location: Crescent Hospital, Dhaka. Contact immediately: +8801923456789.",1
Looking for AB+ blood donors. Child patient in emergency care at Apollo Hospital. Contact: +880156789234,1
Urgent! A- blood required at City Hospital for surgery. Contact: +8801234567890.,1
Urgent! A- blood required at City Hospital for surgery. Contact: +8801234567890!,1
Urgent! A- blood required at City Hospital for surgery. Contact: +8801234567890!,1
Help needed: B+ blood for a patient in ICU at Dhaka Medical. Please reach out: +880987654321.,1
Does anyone play chess? Looking for a partner.!,0
Attending a workshop on public speaking tomorrow.!,0
Trying to learn a new recipe. Any tips?!,0
Had a great time at the music festival last night!.,0
Reading an interesting book about machine learning.!,0
Enjoying my coffee at a new café near my house.,0
Enjoying my coffee at a new café near my house..,0
Does anyone play chess? Looking for a partner.,0
Meeting postponed to next Monday at 3 PM..,0
The sunset view from the rooftop was amazing..,0
Enjoying my coffee at a new café near my house.!,0
The sunset view from the rooftop was amazing.!,0
Birthday celebrations coming up this weekend!.,0
Reading an interesting book about machine learning.,0
Just finished a 5k run! Feeling amazing.,0
The football game last night was thrilling!,0
The sunset view from the rooftop was amazing.!,0
Spending some quality time with family today.!,0
Went to the park today; it was so peaceful.!,0
Planning a road trip this weekend. Who's joining?.,0
Grocery shopping done! Ready for the week.,0
Had a great time at the music festival last night!,0
Meeting postponed to next Monday at 3 PM.!,0
Birthday celebrations coming up this weekend!,0
Spending some quality time with family today.,0
Attending a workshop on public speaking tomorrow.,0
Just finished a 5k run! Feeling amazing.,0
Enjoying my coffee at a new café near my house.!,0
Meeting postponed to next Monday at 3 PM.!,0
Had a great time at the music festival last night!.,0
Planning a road trip this weekend. Who's joining?.,0
Planning a road trip this weekend. Who's joining?.,0
Had a great time at the music festival last night!,0
Birthday celebrations coming up this weekend!.,0
The football game last night was thrilling!,0
Can someone recommend a good movie to watch?!,0
Spending some quality time with family today.!,0
Does anyone play chess? Looking for a partner.!,0
Can someone recommend a good movie to watch?.,0
Enjoying my coffee at a new café near my house.,0
Can someone recommend a good movie to watch?,0
Just finished a 5k run! Feeling amazing.!,0
Meeting postponed to next Monday at 3 PM..,0
Trying to learn a new recipe. Any tips?!,0
Planning a road trip this weekend. Who's joining?.,0
Had a great time at the music festival last night!!,0
The sunset view from the rooftop was amazing.,0
The sunset view from the rooftop was amazing.,0
Grocery shopping done! Ready for the week..,0
Enjoying my coffee at a new café near my house.!,0
Does anyone play chess? Looking for a partner.,0
Enjoying my coffee at a new café near my house.,0
I'm planning to go hiking next month.!,0
Just finished a 5k run! Feeling amazing.,0
Does anyone play chess? Looking for a partner.,0
The sunset view from the rooftop was amazing.,0
Enjoying my coffee at a new café near my house.!,0
Planning a road trip this weekend. Who's joining?!,0
Attending a workshop on public speaking tomorrow.,0
Just finished a 5k run! Feeling amazing..,0
Can someone recommend a good movie to watch?,0
Can someone recommend a good movie to watch?,0
Meeting postponed to next Monday at 3 PM.!,0
Does anyone play chess? Looking for a partner..,0
Enjoying my coffee at a new café near my house.,0
Birthday celebrations coming up this weekend!,0
Just finished a 5k run! Feeling amazing..,0
Grocery shopping done! Ready for the week..,0
Enjoying my coffee at a new café near my house.,0
Reading an interesting book about machine learning..,0
I'm planning to go hiking next month.,0
The sunset view from the rooftop was amazing.!,0
Planning a road trip this weekend. Who's joining?.,0
Does anyone know a good restaurant near Dhanmondi?!,0
Had a great time at the music festival last night!!,0
Had a great time at the music festival last night!!,0
Spending some quality time with family today..,0
Does anyone know a good restaurant near Dhanmondi?,0
Can someone recommend a good movie to watch?!,0
Grocery shopping done! Ready for the week..,0
Went to the park today; it was so peaceful.,0
Reading an interesting book about machine learning.,0
Does anyone play chess? Looking for a partner..,0
I'm planning to go hiking next month..,0
Does anyone play chess? Looking for a partner.,0
Just finished a 5k run! Feeling amazing.!,0
I'm planning to go hiking next month.,0
Grocery shopping done! Ready for the week.,0
Can someone recommend a good movie to watch?.,0
Attending a workshop on public speaking tomorrow.!,0
Can someone recommend a good movie to watch?,0
Does anyone play chess? Looking for a partner..,0
Can someone recommend a good movie to watch?.,0
Attending a workshop on public speaking tomorrow.,0
Just finished a 5k run! Feeling amazing.,0
Planning a road trip this weekend. Who's joining?.,0
Trying to learn a new recipe. Any tips?!,0
The football game last night was thrilling!!,0
Trying to learn a new recipe. Any tips?!,0
Anyone interested in joining a book club?,0
Had a great time at the music festival last night!.,0
Does anyone know a good restaurant near Dhanmondi?,0
Attending a workshop on public speaking tomorrow.!,0
Grocery shopping done! Ready for the week.!,0
Had a great time at the music festival last night!,0
Meeting postponed to next Monday at 3 PM..,0
Had a great time at the music festival last night!.,0
The football game last night was thrilling!.,0
Does anyone know a good restaurant near Dhanmondi?!,0
Anyone interested in joining a book club?.,0
The sunset view from the rooftop was amazing.!,0
Trying to learn a new recipe. Any tips?.,0
Went to the park today; it was so peaceful.!,0
Attending a workshop on public speaking tomorrow..,0
Enjoying my coffee at a new café near my house.!,0
Attending a workshop on public speaking tomorrow.,0
Can someone recommend a good movie to watch?.,0
The football game last night was thrilling!,0
The sunset view from the rooftop was amazing.,0
Anyone interested in joining a book club?,0
Reading an interesting book about machine learning..,0
Went to the park today; it was so peaceful.,0
Does anyone know a good restaurant near Dhanmondi?!,0
Spending some quality time with family today..,0
Can someone recommend a good movie to watch?!,0
Does anyone play chess? Looking for a partner.,0
The football game last night was thrilling!.,0
Had a great time at the music festival last night!.,0
Trying to learn a new recipe. Any tips?.,0
Reading an interesting book about machine learning.,0
Reading an interesting book about machine learning..,0
Can someone recommend a good movie to watch?,0
Attending a workshop on public speaking tomorrow.,0
Meeting postponed to next Monday at 3 PM.!,0
Can someone recommend a good movie to watch?,0
Grocery shopping done! Ready for the week..,0
Enjoying my coffee at a new café near my house.!,0
Went to the park today; it was so peaceful..,0
Reading an interesting book about machine learning.!,0
The football game last night was thrilling!.,0
Trying to learn a new recipe. Any tips?!,0
Grocery shopping done! Ready for the week.,0
Went to the park today; it was so peaceful.,0
Birthday celebrations coming up this weekend!.,0
Reading an interesting book about machine learning.!,0
Attending a workshop on public speaking tomorrow.!,0
Does anyone know a good restaurant near Dhanmondi?,0
Enjoying my coffee at a new café near my house.!,0
Reading an interesting book about machine learning..,0
I'm planning to go hiking next month..,0
Went to the park today; it was so peaceful..,0
Planning a road trip this weekend. Who's joining?!,0
Just finished a 5k run! Feeling amazing..,0
Grocery shopping done! Ready for the week.,0
Trying to learn a new recipe. Any tips?,0
Attending a workshop on public speaking tomorrow..,0
I'm planning to go hiking next month..,0
The sunset view from the rooftop was amazing.!,0
Spending some quality time with family today.,0
Spending some quality time with family today.,0
Grocery shopping done! Ready for the week.!,0
Meeting postponed to next Monday at 3 PM.!,0
Just finished a 5k run! Feeling amazing..,0
Can someone recommend a good movie to watch?!,0
Attending a workshop on public speaking tomorrow.,0
Grocery shopping done! Ready for the week.,0
The football game last night was thrilling!.,0
The football game last night was thrilling!,0
The sunset view from the rooftop was amazing.,0
Attending a workshop on public speaking tomorrow.,0
Went to the park today; it was so peaceful..,0
Birthday celebrations coming up this weekend!!,0
Anyone interested in joining a book club?.,0
Anyone interested in joining a book club?.,0
Reading an interesting book about machine learning..,0
Does anyone play chess? Looking for a partner..,0
Went to the park today; it was so peaceful..,0
Spending some quality time with family today..,0
The sunset view from the rooftop was amazing.!,0
The football game last night was thrilling!!,0
Anyone interested in joining a book club?,0
Spending some quality time with family today.!,0
Is anyone available for a call this evening?.,0
Can someone recommend a good movie to watch?!,0
Attending a workshop on public speaking tomorrow..,0
Is anyone available for a call this evening?,0
Anyone interested in joining a book club?!,0
Went to the park today; it was so peaceful.!,0
Does anyone play chess? Looking for a partner..,0
I'm planning to go hiking next month..,0
Can someone recommend a good movie to watch?.,0
Just finished a 5k run! Feeling amazing..,0
Had a great time at the music festival last night!!,0
Went to the park today; it was so peaceful.!,0
Meeting postponed to next Monday at 3 PM..,0
Spending some quality time with family today..,0
Anyone interested in joining a book club?.,0
Planning a road trip this weekend. Who's joining?.,0
The football game last night was thrilling!.,0
Spending some quality time with family today..,0
Does anyone play chess? Looking for a partner..,0
Does anyone play chess? Looking for a partner.,0
Meeting postponed to next Monday at 3 PM.,0
Meeting postponed to next Monday at 3 PM..,0
Had a great time at the music festival last night!!,0
The sunset view from the rooftop was amazing.!,0
Does anyone know a good restaurant near Dhanmondi?.,0
Is anyone available for a call this evening?,0
Is anyone available for a call this evening?,0
Can someone recommend a good movie to watch?!,0
Enjoying my coffee at a new café near my house.,0
Can someone recommend a good movie to watch?,0
Meeting postponed to next Monday at 3 PM.!,0
Meeting postponed to next Monday at 3 PM.,0
Anyone interested in joining a book club?!,0
The sunset view from the rooftop was amazing.,0
Is anyone available for a call this evening?.,0
Is anyone available for a call this evening?!,0
Reading an interesting book about machine learning.!,0
Can someone recommend a good movie to watch?.,0
The sunset view from the rooftop was amazing.,0
Spending some quality time with family today.,0
Grocery shopping done! Ready for the week..,0
Does anyone know a good restaurant near Dhanmondi?!,0
Went to the park today; it was so peaceful..,0
The football game last night was thrilling!.,0
Went to the park today; it was so peaceful..,0
Went to the park today; it was so peaceful..,0
Does anyone play chess? Looking for a partner.,0
Meeting postponed to next Monday at 3 PM.!,0
Planning a road trip this weekend. Who's joining?.,0
Enjoying my coffee at a new café near my house.,0
Reading an interesting book about machine learning..,0
Can someone recommend a good movie to watch?!,0
Birthday celebrations coming up this weekend!.,0
The sunset view from the rooftop was amazing..,0
Birthday celebrations coming up this weekend!,0
The football game last night was thrilling!,0
Can someone recommend a good movie to watch?.,0
Had a great time at the music festival last night!.,0
Planning a road trip this weekend. Who's joining?.,0
Trying to learn a new recipe. Any tips?,0
Spending some quality time with family today..,0
Does anyone know a good restaurant near Dhanmondi?.,0
Reading an interesting book about machine learning.!,0
Attending a workshop on public speaking tomorrow.!,0
Is anyone available for a call this evening?!,0
I'm planning to go hiking next month.!,0
I'm planning to go hiking next month..,0
The sunset view from the rooftop was amazing.!,0
Trying to learn a new recipe. Any tips?!,0
Reading an interesting book about machine learning.,0
Can someone recommend a good movie to watch?,0
Does anyone know a good restaurant near Dhanmondi?!,0
Does anyone play chess? Looking for a partner.!,0
I'm planning to go hiking next month.!,0
Reading an interesting book about machine learning..,0
Trying to learn a new recipe. Any tips?,0
Enjoying my coffee at a new café near my house.!,0
The football game last night was thrilling!,0
Went to the park today; it was so peaceful..,0
Does anyone know a good restaurant near Dhanmondi?,0
Is anyone available for a call this evening?.,0
Is anyone available for a call this evening?,0
Spending some quality time with family today.!,0
The football game last night was thrilling!!,0
I'm planning to go hiking next month.,0
The football game last night was thrilling!!,0
The sunset view from the rooftop was amazing.,0
Grocery shopping done! Ready for the week.!,0
I'm planning to go hiking next month.!,0
I'm planning to go hiking next month.,0
Enjoying my coffee at a new café near my house.!,0
Grocery shopping done! Ready for the week.!,0
The football game last night was thrilling!!,0
Attending a workshop on public speaking tomorrow.,0
Meeting postponed to next Monday at 3 PM.,0
Went to the park today; it was so peaceful..,0
Meeting postponed to next Monday at 3 PM..,0
Had a great time at the music festival last night!.,0
Had a great time at the music festival last night!.,0
Grocery shopping done! Ready for the week.!,0
Anyone interested in joining a book club?,0
Birthday celebrations coming up this weekend!,0
Enjoying my coffee at a new café near my house.,0
Trying to learn a new recipe. Any tips?,0
Can someone recommend a good movie to watch?.,0
The football game last night was thrilling!,0
Enjoying my coffee at a new café near my house.!,0
Attending a workshop on public speaking tomorrow..,0
Grocery shopping done! Ready for the week..,0
Just finished a 5k run! Feeling amazing.!,0
Reading an interesting book about machine learning.!,0
Just finished a 5k run! Feeling amazing..,0
Went to the park today; it was so peaceful..,0
The football game last night was thrilling!!,0
I'm planning to go hiking next month.,0
Had a great time at the music festival last night!.,0
The football game last night was thrilling!!,0
I'm planning to go hiking next month.,0
The football game last night was thrilling!,0
Spending some quality time with family today..,0
I'm planning to go hiking next month..,0
Attending a workshop on public speaking tomorrow.!,0
Just finished a 5k run! Feeling amazing..,0
Attending a workshop on public speaking tomorrow.!,0
Had a great time at the music festival last night!!,0
Grocery shopping done! Ready for the week.!,0
Planning a road trip this weekend. Who's joining?!,0
Birthday celebrations coming up this weekend!.,0
Attending a workshop on public speaking tomorrow.!,0
Does anyone know a good restaurant near Dhanmondi?.,0
Is anyone available for a call this evening?,0
Anyone interested in joining a book club?,0
Does anyone play chess? Looking for a partner..,0
Grocery shopping done! Ready for the week.,0
The sunset view from the rooftop was amazing..,0
The football game last night was thrilling!!,0
Grocery shopping done! Ready for the week.!,0
Planning a road trip this weekend. Who's joining?.,0
Reading an interesting book about machine learning.!,0
Had a great time at the music festival last night!!,0
Spending some quality time with family today.!,0
Can someone recommend a good movie to watch?,0
Is anyone available for a call this evening?.,0
Spending some quality time with family today..,0
Just finished a 5k run! Feeling amazing.!,0
Went to the park today; it was so peaceful.!,0
Does anyone know a good restaurant near Dhanmondi?!,0
Planning a road trip this weekend. Who's joining?,0
Attending a workshop on public speaking tomorrow.!,0
Grocery shopping done! Ready for the week.,0
Planning a road trip this weekend. Who's joining?!,0
Reading an interesting book about machine learning..,0
I'm planning to go hiking next month.!,0
The sunset view from the rooftop was amazing.,0
Just finished a 5k run! Feeling amazing.,0
Had a great time at the music festival last night!.,0
Enjoying my coffee at a new café near my house.,0
The football game last night was thrilling!,0
Planning a road trip this weekend. Who's joining?!,0
Spending some quality time with family today.!,0
Planning a road trip this weekend. Who's joining?,0
The football game last night was thrilling!!,0
Had a great time at the music festival last night!.,0
Does anyone know a good restaurant near Dhanmondi?!,0
Attending a workshop on public speaking tomorrow..,0
Just finished a 5k run! Feeling amazing.,0
Went to the park today; it was so peaceful.!,0
Is anyone available for a call this evening?.,0
Went to the park today; it was so peaceful..,0
Went to the park today; it was so peaceful.!,0
Does anyone know a good restaurant near Dhanmondi?,0
The sunset view from the rooftop was amazing.!,0
Can someone recommend a good movie to watch?,0
Does anyone play chess? Looking for a partner.,0
Enjoying my coffee at a new café near my house..,0
Anyone interested in joining a book club?,0
Enjoying my coffee at a new café near my house..,0
Had a great time at the music festival last night!.,0
I'm planning to go hiking next month.,0
Meeting postponed to next Monday at 3 PM.,0
Grocery shopping done! Ready for the week..,0
Anyone interested in joining a book club?!,0
Meeting postponed to next Monday at 3 PM.,0
Planning a road trip this weekend. Who's joining?!,0
The sunset view from the rooftop was amazing.!,0
Enjoying my coffee at a new café near my house.,0
Anyone interested in joining a book club?.,0
Does anyone know a good restaurant near Dhanmondi?!,0
Meeting postponed to next Monday at 3 PM.,0
Just finished a 5k run! Feeling amazing..,0
Enjoying my coffee at a new café near my house.!,0
Is anyone available for a call this evening?.,0
Planning a road trip this weekend. Who's joining?!,0
Can someone recommend a good movie to watch?,0
Had a great time at the music festival last night!!,0
Meeting postponed to next Monday at 3 PM.!,0
Went to the park today; it was so peaceful.,0
Planning a road trip this weekend. Who's joining?.,0
Had a great time at the music festival last night!!,0
Just finished a 5k run! Feeling amazing..,0
The sunset view from the rooftop was amazing.!,0
Reading an interesting book about machine learning.,0
Does anyone play chess? Looking for a partner.,0
Birthday celebrations coming up this weekend!!,0
Went to the park today; it was so peaceful.!,0
Does anyone play chess? Looking for a partner.!,0
Does anyone know a good restaurant near Dhanmondi?,0
Can someone recommend a good movie to watch?!,0
Is anyone available for a call this evening?.,0
The sunset view from the rooftop was amazing..,0
Had a great time at the music festival last night!,0
Can someone recommend a good movie to watch?.,0
Does anyone know a good restaurant near Dhanmondi?,0
Does anyone know a good restaurant near Dhanmondi?!,0
Attending a workshop on public speaking tomorrow.!,0
The football game last night was thrilling!.,0
Reading an interesting book about machine learning..,0
Enjoying my coffee at a new café near my house.!,0
